<?xml version="1.0" encoding="UTF-8"?>
<document type="com.apple.InterfaceBuilder3.CocoaTouch.Storyboard.XIB" version="3.0" toolsVersion="20037" targetRuntime="iOS.CocoaTouch" propertyAccessControl="none" useAutolayout="YES" useTraitCollections="YES" useSafeAreas="YES" colorMatched="YES" initialViewController="BYZ-38-t0r">
    <device id="retina6_1" orientation="portrait" appearance="light"/>
    <dependencies>
        <plugIn identifier="com.apple.InterfaceBuilder.IBCocoaTouchPlugin" version="20020"/>
        <capability name="Safe area layout guides" minToolsVersion="9.0"/>
        <capability name="System colors in document resources" minToolsVersion="11.0"/>
        <capability name="documents saved in the Xcode 8 format" minToolsVersion="8.0"/>
    </dependencies>
    <scenes>
        <!--View Controller-->
        <scene sceneID="tne-QT-ifu">
            <objects>
                <viewController id="BYZ-38-t0r" customClass="ViewController" customModule="mySecondApp" customModuleProvider="target" sceneMemberID="viewController">
                    <view key="view" contentMode="scaleToFill" id="8bC-Xf-vdC">
                        <rect key="frame" x="0.0" y="0.0" width="414" height="896"/>
                        <autoresizingMask key="autoresizingMask" widthSizable="YES" heightSizable="YES"/>
                        <subviews>
                            <label opaque="NO" userInteractionEnabled="NO" contentMode="left" horizontalHuggingPriority="251" verticalHuggingPriority="251" text="Aplicaciòn para debuggear" textAlignment="natural" lineBreakMode="tailTruncation" baselineAdjustment="alignBaselines" adjustsFontSizeToFit="NO" translatesAutoresizingMaskIntoConstraints="NO" id="V40-Ng-VOp">
                                <rect key="frame" x="105" y="44" width="204.5" height="21"/>
                                <fontDescription key="fontDescription" type="system" pointSize="17"/>
                                <nil key="textColor"/>
                                <nil key="highlightedColor"/>
                            </label>
                            <button opaque="NO" contentMode="scaleToFill" contentHorizontalAlignment="center" contentVerticalAlignment="center" buttonType="system" lineBreakMode="middleTruncation" translatesAutoresizingMaskIntoConstraints="NO" id="I9g-q8-Ssy">
                                <rect key="frame" x="105" y="362" width="70.5" height="31"/>
                                <state key="normal" title="Button"/>
                                <buttonConfiguration key="configuration" style="tinted" title="Button"/>
                            </button>
                            <button opaque="NO" contentMode="scaleToFill" contentHorizontalAlignment="center" contentVerticalAlignment="center" buttonType="system" lineBreakMode="middleTruncation" translatesAutoresizingMaskIntoConstraints="NO" id="NKN-pA-FW9">
                                <rect key="frame" x="174" y="456" width="71.5" height="31"/>
                                <state key="normal" title="Button"/>
                                <buttonConfiguration key="configuration" style="gray" title="Button"/>
                            </button>
                            <button opaque="NO" contentMode="scaleToFill" contentHorizontalAlignment="center" contentVerticalAlignment="center" buttonType="system" lineBreakMode="middleTruncation" translatesAutoresizingMaskIntoConstraints="NO" id="fUe-tf-qFK">
                                <rect key="frame" x="242" y="540" width="74.5" height="31"/>
                                <state key="normal" title="Button"/>
                                <buttonConfiguration key="configuration" style="plain" title="Button"/>
                            </button>
                            <textField opaque="NO" contentMode="scaleToFill" contentHorizontalAlignment="left" contentVerticalAlignment="center" borderStyle="roundedRect" textAlignment="natural" minimumFontSize="17" translatesAutoresizingMaskIntoConstraints="NO" id="tfz-3g-vB3">
                                <rect key="frame" x="66" y="142" width="284.5" height="34"/>
                                <fontDescription key="fontDescription" type="system" pointSize="14"/>
                                <textInputTraits key="textInputTraits"/>
                            </textField>
                            <textField opaque="NO" contentMode="scaleToFill" contentHorizontalAlignment="left" contentVerticalAlignment="center" borderStyle="roundedRect" textAlignment="natural" minimumFontSize="17" translatesAutoresizingMaskIntoConstraints="NO" id="ytZ-p1-1L6">
                                <rect key="frame" x="66" y="195" width="284.5" height="34"/>
                                <fontDescription key="fontDescription" type="system" pointSize="14"/>
                                <textInputTraits key="textInputTraits"/>
                            </textField>
                            <button opaque="NO" contentMode="scaleToFill" contentHorizontalAlignment="center" contentVerticalAlignment="center" buttonType="system" lineBreakMode="middleTruncation" translatesAutoresizingMaskIntoConstraints="NO" id="Cbk-8h-K1m">
                                <rect key="frame" x="46" y="283" width="72.5" height="31"/>
                                <state key="normal" title="Button"/>
                                <buttonConfiguration key="configuration" style="filled" title="Button"/>
                                <connections>
                                    <action selector="buttonOneClick:" destination="BYZ-38-t0r" eventType="touchUpInside" id="Rrp-6s-sZR"/>
                                </connections>
                            </button>
                        </subviews>
                        <viewLayoutGuide key="safeArea" id="6Tk-OE-BBY"/>
                        <color key="backgroundColor" systemColor="systemBackgroundColor"/>
                        <constraints>
                            <constraint firstItem="6Tk-OE-BBY" firstAttribute="trailing" secondItem="tfz-3g-vB3" secondAttribute="trailing" constant="63.5" id="1eo-bJ-eWv"/>
                            <constraint firstItem="6Tk-OE-BBY" firstAttribute="trailing" secondItem="I9g-q8-Ssy" secondAttribute="trailing" constant="238.5" id="2G1-Zb-F6w"/>
                            <constraint firstItem="V40-Ng-VOp" firstAttribute="top" secondItem="6Tk-OE-BBY" secondAttribute="top" id="Bd4-dn-yLw"/>
                            <constraint firstItem="V40-Ng-VOp" firstAttribute="centerX" secondItem="8bC-Xf-vdC" secondAttribute="centerX" id="Dta-Bs-p4I"/>
                            <constraint firstItem="fUe-tf-qFK" firstAttribute="leading" secondItem="6Tk-OE-BBY" secondAttribute="leading" constant="242" id="FgU-2j-QOF"/>
                            <constraint firstItem="6Tk-OE-BBY" firstAttribute="bottom" secondItem="NKN-pA-FW9" secondAttribute="bottom" constant="375" id="Oed-2i-fv7"/>
                            <constraint firstItem="tfz-3g-vB3" firstAttribute="top" secondItem="V40-Ng-VOp" secondAttribute="bottom" constant="77" id="Prl-WS-fEa"/>
                            <constraint firstItem="tfz-3g-vB3" firstAttribute="leading" secondItem="ytZ-p1-1L6" secondAttribute="leading" id="RTW-h8-B3e"/>
                            <constraint firstItem="Cbk-8h-K1m" firstAttribute="top" secondItem="ytZ-p1-1L6" secondAttribute="bottom" constant="54" id="T5L-dx-Huw"/>
                            <constraint firstItem="tfz-3g-vB3" firstAttribute="trailing" secondItem="ytZ-p1-1L6" secondAttribute="trailing" id="WX2-9c-h6F"/>
                            <constraint firstItem="6Tk-OE-BBY" firstAttribute="trailing" secondItem="fUe-tf-qFK" secondAttribute="trailing" constant="97.5" id="a21-zo-eWv"/>
                            <constraint firstItem="ytZ-p1-1L6" firstAttribute="top" secondItem="tfz-3g-vB3" secondAttribute="bottom" constant="19" id="apv-Yx-4l5"/>
                            <constraint firstItem="V40-Ng-VOp" firstAttribute="leading" secondItem="6Tk-OE-BBY" secondAttribute="leading" constant="105" id="bjq-Mb-oSv"/>
                            <constraint firstItem="Cbk-8h-K1m" firstAttribute="leading" secondItem="6Tk-OE-BBY" secondAttribute="leading" constant="46" id="bsP-Ub-fVf"/>
                            <constraint firstItem="I9g-q8-Ssy" firstAttribute="top" secondItem="Cbk-8h-K1m" secondAttribute="bottom" constant="48" id="cty-D9-wzo"/>
                            <constraint firstItem="6Tk-OE-BBY" firstAttribute="bottom" secondItem="fUe-tf-qFK" secondAttribute="bottom" constant="291" id="eah-B3-eMK"/>
                            <constraint firstItem="V40-Ng-VOp" firstAttribute="leading" secondItem="I9g-q8-Ssy" secondAttribute="leading" id="l2L-9v-7d2"/>
                            <constraint firstItem="tfz-3g-vB3" firstAttribute="leading" secondItem="6Tk-OE-BBY" secondAttribute="leading" constant="66" id="mgx-Hn-Xmc"/>
                            <constraint firstItem="NKN-pA-FW9" firstAttribute="leading" secondItem="6Tk-OE-BBY" secondAttribute="leading" constant="174" id="oyh-6v-4gk"/>
                            <constraint firstItem="6Tk-OE-BBY" firstAttribute="trailing" secondItem="Cbk-8h-K1m" secondAttribute="trailing" constant="295.5" id="q9c-Oj-akO"/>
                            <constraint firstItem="6Tk-OE-BBY" firstAttribute="trailing" secondItem="NKN-pA-FW9" secondAttribute="trailing" constant="168.5" id="xmv-Sh-Bmp"/>
                        </constraints>
                    </view>
                    <connections>
                        <outlet property="passwordTextField" destination="ytZ-p1-1L6" id="ucu-Nx-IMw"/>
                        <outlet property="titleText" destination="V40-Ng-VOp" id="LpQ-hw-Cjy"/>
                        <outlet property="userTextField" destination="tfz-3g-vB3" id="Nci-db-QGx"/>
                    </connections>
                </viewController>
                <placeholder placeholderIdentifier="IBFirstResponder" id="dkx-z0-nzr" sceneMemberID="firstResponder"/>
            </objects>
            <point key="canvasLocation" x="18.840579710144929" y="67.633928571428569"/>
        </scene>
    </scenes>
    <resources>
        <systemColor name="systemBackgroundColor">
            <color white="1" alpha="1" colorSpace="custom" customColorSpace="genericGamma22GrayColorSpace"/>
        </systemColor>
    </resources>
</document>
