<?xml version="1.0" encoding="UTF-8"?>
<document type="com.apple.InterfaceBuilder3.CocoaTouch.Storyboard.XIB" version="3.0" toolsVersion="21225" targetRuntime="iOS.CocoaTouch" propertyAccessControl="none" useAutolayout="YES" useTraitCollections="YES" useSafeAreas="YES" colorMatched="YES" initialViewController="BYZ-38-t0r">
    <device id="retina6_1" orientation="portrait" appearance="light"/>
    <dependencies>
        <deployment identifier="iOS"/>
        <plugIn identifier="com.apple.InterfaceBuilder.IBCocoaTouchPlugin" version="21207"/>
        <capability name="Safe area layout guides" minToolsVersion="9.0"/>
        <capability name="System colors in document resources" minToolsVersion="11.0"/>
        <capability name="documents saved in the Xcode 8 format" minToolsVersion="8.0"/>
    </dependencies>
    <scenes>
        <!--View Controller-->
        <scene sceneID="tne-QT-ifu">
            <objects>
                <viewController id="BYZ-38-t0r" customClass="ViewController" customModule="mySecondApp" customModuleProvider="target" sceneMemberID="viewController">
                    <view key="view" contentMode="scaleToFill" id="8bC-Xf-vdC">
                        <rect key="frame" x="0.0" y="0.0" width="414" height="896"/>
                        <autoresizingMask key="autoresizingMask" widthSizable="YES" heightSizable="YES"/>
                        <subviews>
                            <label opaque="NO" userInteractionEnabled="NO" contentMode="left" horizontalHuggingPriority="251" verticalHuggingPriority="251" text="Aplicaciòn para debuggear" textAlignment="natural" lineBreakMode="tailTruncation" baselineAdjustment="alignBaselines" adjustsFontSizeToFit="NO" translatesAutoresizingMaskIntoConstraints="NO" id="V40-Ng-VOp">
                                <rect key="frame" x="105" y="48" width="204" height="21"/>
                                <fontDescription key="fontDescription" type="system" pointSize="17"/>
                                <nil key="textColor"/>
                                <nil key="highlightedColor"/>
                            </label>
                            <button opaque="NO" contentMode="scaleToFill" contentHorizontalAlignment="center" contentVerticalAlignment="center" buttonType="system" lineBreakMode="middleTruncation" translatesAutoresizingMaskIntoConstraints="NO" id="I9g-q8-Ssy">
                                <rect key="frame" x="159" y="356" width="95" height="55"/>
                                <constraints>
                                    <constraint firstAttribute="height" constant="55" id="msV-JS-fd7"/>
                                </constraints>
                                <state key="normal" title="Button"/>
                                <buttonConfiguration key="configuration" style="tinted" title="Suma"/>
                                <connections>
                                    <action selector="suma:" destination="BYZ-38-t0r" eventType="touchUpInside" id="bvh-Nf-J3e"/>
                                </connections>
                            </button>
                            <button opaque="NO" contentMode="scaleToFill" contentHorizontalAlignment="center" contentVerticalAlignment="center" buttonType="system" lineBreakMode="middleTruncation" translatesAutoresizingMaskIntoConstraints="NO" id="fUe-tf-qFK">
                                <rect key="frame" x="123" y="547" width="169" height="55"/>
                                <state key="normal" title="Button"/>
                                <buttonConfiguration key="configuration" style="plain" title="Multiplicacion"/>
                                <connections>
                                    <action selector="multiplicacion:" destination="BYZ-38-t0r" eventType="touchUpInside" id="LcN-rp-qAU"/>
                                </connections>
                            </button>
                            <textField opaque="NO" contentMode="scaleToFill" contentHorizontalAlignment="left" contentVerticalAlignment="center" borderStyle="roundedRect" placeholder="Ingresar usuario" textAlignment="natural" minimumFontSize="17" translatesAutoresizingMaskIntoConstraints="NO" id="tfz-3g-vB3">
                                <rect key="frame" x="66" y="146" width="284.5" height="34"/>
                                <fontDescription key="fontDescription" type="system" pointSize="14"/>
                                <textInputTraits key="textInputTraits"/>
                            </textField>
                            <textField opaque="NO" contentMode="scaleToFill" contentHorizontalAlignment="left" contentVerticalAlignment="center" text="Favor de escribir" borderStyle="roundedRect" textAlignment="natural" minimumFontSize="17" translatesAutoresizingMaskIntoConstraints="NO" id="ytZ-p1-1L6">
                                <rect key="frame" x="66" y="199" width="284.5" height="34"/>
                                <fontDescription key="fontDescription" type="system" pointSize="14"/>
                                <textInputTraits key="textInputTraits"/>
                            </textField>
                            <button opaque="NO" contentMode="scaleToFill" contentHorizontalAlignment="center" contentVerticalAlignment="center" buttonType="system" lineBreakMode="middleTruncation" translatesAutoresizingMaskIntoConstraints="NO" id="Cbk-8h-K1m">
                                <rect key="frame" x="149" y="260" width="123" height="55"/>
                                <constraints>
                                    <constraint firstAttribute="height" constant="55" id="AH6-Ii-Svp"/>
                                </constraints>
                                <state key="normal" title="Button"/>
                                <buttonConfiguration key="configuration" style="filled" title="Alerta">
                                    <color key="baseForegroundColor" red="0.39478053489999998" green="0.2418078481" blue="0.59121208579999995" alpha="1" colorSpace="custom" customColorSpace="displayP3"/>
                                    <color key="baseBackgroundColor" red="0.86078917980000003" green="0.66251692510000004" blue="0.54814816369999997" alpha="1" colorSpace="custom" customColorSpace="displayP3"/>
                                </buttonConfiguration>
                                <connections>
                                    <action selector="buttonOneClick:" destination="BYZ-38-t0r" eventType="touchUpInside" id="Rrp-6s-sZR"/>
                                </connections>
                            </button>
                            <button opaque="NO" contentMode="scaleToFill" contentHorizontalAlignment="center" contentVerticalAlignment="center" buttonType="system" lineBreakMode="middleTruncation" translatesAutoresizingMaskIntoConstraints="NO" id="0gZ-Qi-439">
                                <rect key="frame" x="174" y="637" width="72.5" height="34.5"/>
                                <state key="normal" title="Button"/>
                                <buttonConfiguration key="configuration" style="tinted" title="Dividir"/>
                                <connections>
                                    <action selector="dividir:" destination="BYZ-38-t0r" eventType="touchUpInside" id="mu9-SB-JM7"/>
                                </connections>
                            </button>
                            <button opaque="NO" contentMode="scaleToFill" contentHorizontalAlignment="center" contentVerticalAlignment="center" buttonType="system" lineBreakMode="middleTruncation" translatesAutoresizingMaskIntoConstraints="NO" id="NKN-pA-FW9">
                                <rect key="frame" x="159" y="460" width="103" height="55"/>
                                <constraints>
                                    <constraint firstAttribute="height" constant="55" id="cQu-JL-1Nj"/>
                                </constraints>
                                <state key="normal" title="Button"/>
                                <buttonConfiguration key="configuration" style="gray" title="Resta"/>
                                <connections>
                                    <action selector="resta:" destination="BYZ-38-t0r" eventType="touchUpInside" id="6h6-kf-14u"/>
                                </connections>
                            </button>
                            <button opaque="NO" contentMode="scaleToFill" contentHorizontalAlignment="center" contentVerticalAlignment="center" buttonType="system" lineBreakMode="middleTruncation" translatesAutoresizingMaskIntoConstraints="NO" id="p4n-2Q-vVc">
                                <rect key="frame" x="28" y="356" width="110" height="34.5"/>
                                <state key="normal" title="Button"/>
                                <buttonConfiguration key="configuration" style="plain" title="Ver imagen"/>
                                <connections>
                                    <action selector="navegarImagen:" destination="BYZ-38-t0r" eventType="touchUpInside" id="6yJ-8J-UbA"/>
                                </connections>
                            </button>
                            <textField opaque="NO" contentMode="scaleToFill" horizontalHuggingPriority="248" contentHorizontalAlignment="left" contentVerticalAlignment="center" borderStyle="roundedRect" placeholder="Ingresar un nùmero" textAlignment="natural" minimumFontSize="17" translatesAutoresizingMaskIntoConstraints="NO" id="phA-2w-5Gh">
                                <rect key="frame" x="133" y="701" width="155" height="34"/>
                                <fontDescription key="fontDescription" type="system" pointSize="14"/>
                                <textInputTraits key="textInputTraits"/>
                            </textField>
                            <textField opaque="NO" contentMode="scaleToFill" horizontalHuggingPriority="248" contentHorizontalAlignment="left" contentVerticalAlignment="center" borderStyle="roundedRect" placeholder="Ingresar otro nùmero" textAlignment="natural" minimumFontSize="17" translatesAutoresizingMaskIntoConstraints="NO" id="smJ-ej-8d8">
                                <rect key="frame" x="133" y="771" width="155" height="34"/>
                                <fontDescription key="fontDescription" type="system" pointSize="14"/>
                                <textInputTraits key="textInputTraits"/>
                            </textField>
                        </subviews>
                        <viewLayoutGuide key="safeArea" id="6Tk-OE-BBY"/>
                        <color key="backgroundColor" systemColor="systemBackgroundColor"/>
                        <constraints>
                            <constraint firstItem="phA-2w-5Gh" firstAttribute="trailing" secondItem="smJ-ej-8d8" secondAttribute="trailing" id="1cR-96-WgA"/>
                            <constraint firstItem="6Tk-OE-BBY" firstAttribute="trailing" secondItem="tfz-3g-vB3" secondAttribute="trailing" constant="63.5" id="1eo-bJ-eWv"/>
                            <constraint firstItem="6Tk-OE-BBY" firstAttribute="trailing" secondItem="I9g-q8-Ssy" secondAttribute="trailing" constant="160" id="2G1-Zb-F6w"/>
                            <constraint firstItem="V40-Ng-VOp" firstAttribute="top" secondItem="6Tk-OE-BBY" secondAttribute="top" id="Bd4-dn-yLw"/>
                            <constraint firstItem="phA-2w-5Gh" firstAttribute="leading" secondItem="6Tk-OE-BBY" secondAttribute="leading" constant="133" id="C7P-fk-Nvo"/>
                            <constraint firstItem="V40-Ng-VOp" firstAttribute="centerX" secondItem="8bC-Xf-vdC" secondAttribute="centerX" id="Dta-Bs-p4I"/>
                            <constraint firstItem="fUe-tf-qFK" firstAttribute="leading" secondItem="6Tk-OE-BBY" secondAttribute="leading" constant="123" id="FgU-2j-QOF"/>
                            <constraint firstItem="smJ-ej-8d8" firstAttribute="top" secondItem="phA-2w-5Gh" secondAttribute="bottom" constant="36" id="G1F-P3-Z8y"/>
                            <constraint firstItem="6Tk-OE-BBY" firstAttribute="bottom" secondItem="NKN-pA-FW9" secondAttribute="bottom" constant="347" id="Oed-2i-fv7"/>
                            <constraint firstItem="tfz-3g-vB3" firstAttribute="top" secondItem="V40-Ng-VOp" secondAttribute="bottom" constant="77" id="Prl-WS-fEa"/>
                            <constraint firstItem="tfz-3g-vB3" firstAttribute="leading" secondItem="ytZ-p1-1L6" secondAttribute="leading" id="RTW-h8-B3e"/>
                            <constraint firstItem="Cbk-8h-K1m" firstAttribute="top" secondItem="ytZ-p1-1L6" secondAttribute="bottom" constant="27" id="T5L-dx-Huw"/>
                            <constraint firstItem="0gZ-Qi-439" firstAttribute="top" secondItem="fUe-tf-qFK" secondAttribute="bottom" constant="35" id="TrI-1I-neo"/>
                            <constraint firstItem="tfz-3g-vB3" firstAttribute="trailing" secondItem="ytZ-p1-1L6" secondAttribute="trailing" id="WX2-9c-h6F"/>
                            <constraint firstItem="6Tk-OE-BBY" firstAttribute="trailing" secondItem="fUe-tf-qFK" secondAttribute="trailing" constant="122" id="a21-zo-eWv"/>
                            <constraint firstItem="ytZ-p1-1L6" firstAttribute="top" secondItem="tfz-3g-vB3" secondAttribute="bottom" constant="19" id="apv-Yx-4l5"/>
                            <constraint firstItem="fUe-tf-qFK" firstAttribute="top" secondItem="NKN-pA-FW9" secondAttribute="bottom" constant="32" id="arM-dz-u1L"/>
                            <constraint firstItem="V40-Ng-VOp" firstAttribute="leading" secondItem="6Tk-OE-BBY" secondAttribute="leading" constant="105" id="bjq-Mb-oSv"/>
                            <constraint firstItem="Cbk-8h-K1m" firstAttribute="leading" secondItem="6Tk-OE-BBY" secondAttribute="leading" constant="149" id="bsP-Ub-fVf"/>
                            <constraint firstItem="I9g-q8-Ssy" firstAttribute="top" secondItem="Cbk-8h-K1m" secondAttribute="bottom" constant="41" id="cty-D9-wzo"/>
                            <constraint firstItem="6Tk-OE-BBY" firstAttribute="bottom" secondItem="fUe-tf-qFK" secondAttribute="bottom" constant="260" id="eah-B3-eMK"/>
                            <constraint firstItem="phA-2w-5Gh" firstAttribute="top" secondItem="fUe-tf-qFK" secondAttribute="bottom" constant="99" id="gA0-ai-col"/>
                            <constraint firstItem="p4n-2Q-vVc" firstAttribute="top" secondItem="I9g-q8-Ssy" secondAttribute="top" id="gcz-UD-a50"/>
                            <constraint firstItem="0gZ-Qi-439" firstAttribute="leading" secondItem="6Tk-OE-BBY" secondAttribute="leading" constant="174" id="gdE-Mg-zai"/>
                            <constraint firstItem="p4n-2Q-vVc" firstAttribute="leading" secondItem="6Tk-OE-BBY" secondAttribute="leading" constant="28" id="hzK-1i-VEn"/>
                            <constraint firstItem="V40-Ng-VOp" firstAttribute="leading" secondItem="I9g-q8-Ssy" secondAttribute="leading" constant="-54" id="l2L-9v-7d2"/>
                            <constraint firstItem="tfz-3g-vB3" firstAttribute="leading" secondItem="6Tk-OE-BBY" secondAttribute="leading" constant="66" id="mgx-Hn-Xmc"/>
                            <constraint firstItem="6Tk-OE-BBY" firstAttribute="trailing" secondItem="phA-2w-5Gh" secondAttribute="trailing" constant="126" id="mwH-fj-OEN"/>
                            <constraint firstItem="NKN-pA-FW9" firstAttribute="leading" secondItem="6Tk-OE-BBY" secondAttribute="leading" constant="159" id="oyh-6v-4gk"/>
                            <constraint firstItem="6Tk-OE-BBY" firstAttribute="trailing" secondItem="Cbk-8h-K1m" secondAttribute="trailing" constant="142" id="q9c-Oj-akO"/>
                            <constraint firstItem="phA-2w-5Gh" firstAttribute="leading" secondItem="smJ-ej-8d8" secondAttribute="leading" id="scg-0W-agu"/>
                            <constraint firstItem="6Tk-OE-BBY" firstAttribute="trailing" secondItem="NKN-pA-FW9" secondAttribute="trailing" constant="152" id="xmv-Sh-Bmp"/>
                        </constraints>
                    </view>
                    <connections>
                        <outlet property="numeroDos" destination="smJ-ej-8d8" id="1GC-9K-GEF"/>
                        <outlet property="numeroUno" destination="phA-2w-5Gh" id="NFM-z1-CP4"/>
                        <outlet property="passwordTextField" destination="ytZ-p1-1L6" id="ucu-Nx-IMw"/>
                        <outlet property="titleText" destination="V40-Ng-VOp" id="LpQ-hw-Cjy"/>
                        <outlet property="userTextField" destination="tfz-3g-vB3" id="Nci-db-QGx"/>
                    </connections>
                </viewController>
                <placeholder placeholderIdentifier="IBFirstResponder" id="dkx-z0-nzr" sceneMemberID="firstResponder"/>
            </objects>
            <point key="canvasLocation" x="18.840579710144929" y="67.633928571428569"/>
        </scene>
        <!--ImageUX-->
        <scene sceneID="ec8-Ml-PFj">
            <objects>
                <viewController title="ImageUX" id="fRg-YQ-XPp" sceneMemberID="viewController">
                    <view key="view" contentMode="scaleToFill" id="XFt-X5-IiG">
                        <rect key="frame" x="0.0" y="0.0" width="414" height="896"/>
                        <autoresizingMask key="autoresizingMask" widthSizable="YES" heightSizable="YES"/>
                        <subviews>
                            <imageView clipsSubviews="YES" userInteractionEnabled="NO" contentMode="scaleAspectFit" horizontalHuggingPriority="251" verticalHuggingPriority="251" image="biblio" translatesAutoresizingMaskIntoConstraints="NO" id="8q8-ue-LuK">
                                <rect key="frame" x="38" y="89" width="356" height="759"/>
                            </imageView>
                            <button opaque="NO" contentMode="scaleToFill" contentHorizontalAlignment="center" contentVerticalAlignment="center" buttonType="system" lineBreakMode="middleTruncation" translatesAutoresizingMaskIntoConstraints="NO" id="Jr7-DH-cE3">
                                <rect key="frame" x="20" y="66" width="92.5" height="34.5"/>
                                <state key="normal" title="Button"/>
                                <buttonConfiguration key="configuration" style="plain" title="Regresar"/>
                                <connections>
                                    <action selector="backButton:" destination="qXh-Wo-2MX" eventType="touchUpInside" id="3pS-C7-w7m"/>
                                </connections>
                            </button>
                        </subviews>
                        <viewLayoutGuide key="safeArea" id="4z8-zD-au3"/>
                        <color key="backgroundColor" systemColor="systemBackgroundColor"/>
                        <constraints>
                            <constraint firstItem="Jr7-DH-cE3" firstAttribute="leading" secondItem="XFt-X5-IiG" secondAttribute="leadingMargin" id="1FJ-at-AKA"/>
                            <constraint firstItem="Jr7-DH-cE3" firstAttribute="top" secondItem="4z8-zD-au3" secondAttribute="top" constant="18" id="2h6-pR-Jep"/>
                            <constraint firstItem="8q8-ue-LuK" firstAttribute="leading" secondItem="4z8-zD-au3" secondAttribute="leading" constant="38" id="OKj-h5-Hd9"/>
                            <constraint firstItem="8q8-ue-LuK" firstAttribute="trailing" secondItem="XFt-X5-IiG" secondAttribute="trailingMargin" id="p1O-w8-rnH"/>
                            <constraint firstItem="8q8-ue-LuK" firstAttribute="top" secondItem="4z8-zD-au3" secondAttribute="top" constant="41" id="sQy-0c-6YB"/>
                            <constraint firstItem="4z8-zD-au3" firstAttribute="bottom" secondItem="8q8-ue-LuK" secondAttribute="bottom" constant="14" id="ya6-E3-QOf"/>
                        </constraints>
                    </view>
                </viewController>
                <placeholder placeholderIdentifier="IBFirstResponder" id="dgh-an-XeN" userLabel="First Responder" customClass="UIResponder" sceneMemberID="firstResponder"/>
                <exit id="qXh-Wo-2MX" userLabel="Exit" sceneMemberID="exit"/>
            </objects>
            <point key="canvasLocation" x="682.60869565217399" y="77.678571428571431"/>
        </scene>
    </scenes>
    <resources>
        <image name="biblio" width="659" height="462"/>
        <systemColor name="systemBackgroundColor">
            <color white="1" alpha="1" colorSpace="custom" customColorSpace="genericGamma22GrayColorSpace"/>
        </systemColor>
    </resources>
</document>
